Time,ESP32 Time,Temp  1 (C),Temp 2 (C),Temp 3 (C),std1,std2,std3,MAXTemp - MINTemp <= 1,W1,W2,W3,Fused Sensor Reading,Hum 1 (%)
9/12/2024 11:05,9:00:32,24.5,24.6,23.7,,,,0.9,0.15,0.2,0.65,24.35,41.3
9/12/2024 11:10,9:00:44,24.3,24.6,23.8,,,,0.8,0.15,0.2,0.65,24.24,41.3
9/12/2024 11:15,9:00:57,24.7,24.2,23.7,,,,1,0.15,0.2,0.65,24.42,41.7
9/12/2024 11:20,9:01:10,24.1,24,23.8,,,,0.3,0.15,0.2,0.65,24.02,41.5
9/12/2024 11:30,9:01:22,24,24.5,23.7,,,,0.8,0.05,0.2,0.65,24.01,41.7
9/12/2024 11:35,9:01:54,24.9,24.3,24.5,,,,0.6,0.15,0.2,0.65,24.72,41.1
9/12/2024 11:40,11:10:32,24.6,23.9,23.7,,,,0.9,0.15,0.2,0.65,24.31,41.7
9/12/2024 11:45,11:10:44,23.9,24.9,23.7,0.357571172,0.337003603,0.276457178,1.2,0.15,0.2,0.65,24.01,41.8
